Year,Input,Gerd_storage,Gerd_release,Roseires_storage,Roseires_release,Sennar_storage,Sennar_release,Had_storage,Had_release
0,"[3745.401188473625, 9507.143064099162, 7319.939418114051, 2394.6339367881465]",7386169817.270115,2924.986287946959,35229596.789011724,4637.5984862033,90071617.43033712,4724.241437559642,128473405290.77448,3883.485265229632
1,"[1560.1864044243653, 1559.9452033620264, 580.8361216819947, 3464.704583099741]",3735623316.244174,1560.1864044243484,57909297.45476274,1559.9452033620078,122829943.51974072,1495.826672583888,131627337332.14073,3783.87647540068
2,"[6011.150117432088, 7080.725777960455, 205.84494295802446, 3879.6394086479772]",361307919.9455288,1305.5199733613072,30665370.77095246,1323.5063288477113,100597704.85181452,1304.361532974507,125274290756.96542,3879.639408647869
3,"[8324.426408004218, 2123.3911067827617, 1818.2496720710062, 733.6180394137352]",74197079.70134307,161.59044487360705,27469667.3948653,169.51889377812995,656433.2627484229,187.68712146854503,119922638312.86832,3478.3316126697127
4,"[3042.4224295953773, 5247.5643163223785, 4319.450186421158, 1164.9165607921677]",82859293.0452715,80.2662142237712,27261725.471181292,93.85621228337754,270740.6622458368,61.67591950468327,113155188778.88979,3231.6668278249285
5,"[6118.528947223795, 1394.9386065204183, 2921.4464853521818, 1465.4473731747669]",240122889.47011748,192.1743366378243,27699577.7480086,250.49604380246697,762585.108255736,173.12506524759027,106578579036.43733,2960.9628077334955
6,"[4560.699842170359, 7851.759613930136, 1996.7378215835975, 2056.9377536544466]",953693676.1492964,739.7460372551152,29603843.675720707,932.2695118473049,3673437.9271105435,833.7854085833704,99932651446.33276,2692.468167262749
7,"[5924.145688620425, 464.50412719997723, 6075.448519014383, 682.0964947491661]",2102030497.7094672,1731.1980742623525,1292447398.8761377,1678.6242400870926,6973943.11384754,1583.7547565849088,96519413606.48582,2489.56675502302
8,"[650.5159298527951, 9488.855372533333, 9656.320330745593, 3233.5893924658444]",4813167974.194876,650.5159298527958,29961028.991487157,1547.992181957718,6583557.181709432,1496.4136033373445,99772418340.3843,3233.589392465863
9,"[3046.137691733707, 976.7211400638387, 6842.330265121569, 1760.6099749584052]",1671555932.944747,2096.0835913450856,1296906629.7597911,1885.0959705217417,8198199.631459927,1862.624441606047,102523213725.15355,2610.5656533328784
10,"[1220.3823484477882, 4951.769101112702, 343.88521115218396, 3637.2816083151283]",480261393.54205924,831.4681531505149,29587177.65294831,1415.2516598578616,103432670.24252638,1286.6260143523393,101097365098.83672,3637.2816083150906
11,"[2587.7998160001694, 6625.22284353982, 3117.1107608941097, 2080.272084711243]",211535467.10404128,291.96957854900324,28007389.125669263,361.54634643029783,1404375.5030784542,357.24303135336515,99080240622.97238,2565.787297971427
12,"[5467.102793432797, 1848.5445552552703, 9695.846277645585, 3100.5312934444582]",114761522.71192092,143.7192439929654,27498493.7308054,178.80475810833906,616665.40638103,140.44521081314042,93256576402.18677,3100.5312934444382
13,"[9394.98941564189, 8948.273504276489, 5978.999788110851, 3687.4969400924674]",72564995.53787349,85.86908261294491,27278525.09699642,99.88895744773671,236451.473540609,53.89607700442811,86184371288.17262,3687.496940092548
14,"[884.925020519195, 1959.828624191452, 452.27288910538067, 1301.3213230530573]",53481179.32180551,59.18868837771911,27190622.603763826,68.33460230697001,198935.00296153396,45.226501855077416,82294268795.94412,1921.6356382963143
15,"[3886.77289689482, 2713.490317738959, 8287.375091519294, 1427.013306774357]",51460684.81681028,52.07570100342801,27192727.52323864,69.05518392795472,214579.50755313959,48.76203675737293,78800467656.54825,1771.9314190248629
16,"[2809.3450968738075, 5426.960831582484, 1409.2422497476264, 3208.787923016159]",81313451.6078011,72.37686989878976,27257024.522648543,92.0701811554287,262884.8707183383,59.72853267110465,72199268322.6923,3208.7879230162284
17,"[745.5064367977083, 9868.869366005172, 7722.447692966574, 794.8627261366896]",240007768.59725085,191.622999233353,27875712.86916796,313.5370674011659,1039923.8999809476,236.04660543771809,70153704952.21938,1392.0351718916666
18,"[55.22117123602399, 8154.614284548342, 7068.573438476171, 2916.028672163949]",2393818272.9907103,202.07805465588953,28344793.19227832,481.67629782032475,1690720.538912725,384.01167086354565,63349313428.84268,2916.028672164006
19,"[7712.703466859457, 740.4465173409036, 3584.657285442726, 463.47623810051886]",2673763005.3720818,2055.3948545527533,1303354200.1817002,2179.0498611697903,9175883.734710934,2082.6333825446723,63960436213.731895,1087.7194626470286
20,"[8631.034258755935, 6232.981268275579, 3308.980248526492, 254.23340114409453]",1864910444.818503,2008.9651357532832,34087597.18062087,3029.1416311474422,13100460.677405423,2975.863350931365,75869971844.88931,1346.1077630817492
21,"[3109.823217156622, 3251.8332202674706, 7296.061783380641, 2550.2298854208525]",991765352.8337002,1253.2798747453658,31354441.889552165,1561.2559121371064,6773521.046784623,1541.7984562226518,84803514751.80276,2550.229885420843
22,"[8872.127425763265, 4722.149251619493, 1195.942459383017, 2852.97914889198]",419126045.2874155,593.5503536920567,29163834.740728512,776.1664673333481,3023241.309168547,688.5466843449085,83813767875.536,2852.979148891915
23,"[7607.850486168974, 5612.771975694963, 7709.67179954561, 1975.182385457563]",207381567.1013192,270.7601892611874,27976856.848809306,350.45970379695433,1355617.7401651447,308.71731776095396,81945489719.2225,1975.1823854576153
24,"[5227.328293819941, 4275.410183585496, 254.1912674409519, 431.5657079732178]",114479685.62498705,142.2787673631016,27506823.790934492,181.77498407949713,629730.0593788064,143.39135883934918,79824047508.80154,1786.1536764410973
25,"[314.2918568673425, 6364.104112637804, 3143.559810763267, 2034.2827646588112]",72540211.06251283,85.76325236068561,27286823.995679285,102.86253997956727,249530.29125271607,56.8685297224517,76806055252.37634,2034.2827646588564
26,"[9075.66473926093, 2492.9222914887496, 4103.829230356298, 3022.2045541721945]",53479502.05151374,59.18010029982505,27179685.891157363,64.42306181205394,181731.42935842666,41.32790018029796,70050350890.7648,3022.2045541722405
27,"[2287.9816549162247, 769.79909828793, 2897.5145291376803, 644.8851490160176]",51460560.93192748,52.07510428520264,27180264.734086685,64.59024380760948,194942.06273014037,44.299919712994,67884854908.098915,1302.3391263066171
28,"[9296.97652342573, 8081.20379564417, 6334.037565104235, 3485.8423607508707]",81313443.18490084,72.37682691174166,27320291.856318742,114.71115937649586,362470.3718330922,82.31710390848558,60666581255.800896,3485.842360750835
29,"[8036.720768991145, 1865.7005888603585, 8925.589984899778, 2157.3689676626027]",240007767.96998614,191.62299622925403,27697241.966294724,249.6826082711804,759006.4204286643,172.34849291779963,56841598343.86734,2157.368967662536
30,"[8074.401551640625, 8960.912999234932, 3180.034749718639, 440.20769811070704]",953685787.5195452,739.7059970930461,29751610.577062294,985.1596725439915,3906166.1214009393,886.589949022541,55869403859.33367,787.8950674114284
31,"[2279.351625419417, 4271.077886262563, 8180.147659224931, 3442.922333025374]",2102029521.069473,1731.1954936822135,33037858.772034444,2162.191871201058,9101706.297692921,2066.629755955388,51924365678.12588,3442.922333025347
32,"[69.52130531190703, 5107.473025775657, 4174.11003148779, 888.431241882921]",5646283014.623593,328.99841164709824,29316256.501155913,831.3712273497264,3430524.123072557,781.852461125509,63410400711.101135,927.4643970376571
33,"[1198.653673336828, 3376.1517140362794, 9429.097039125192, 1292.8117280830209]",4899397273.827665,1198.6536733368425,30897194.489228174,1395.809412629231,6045687.120194409,1373.043593328709,68008350433.64789,1292.8117280830477
34,"[5187.906217433661, 7030.189588951778, 3636.2960237929396, 3887.128330883843]",992145438.5953465,1874.3314623655651,32506776.262217946,1972.5062418504515,8285876.445840001,1882.2896392864511,63941065005.191826,3887.1283308839634
35,"[9624.472949421111, 2517.8229582536414, 4972.485058923855, 1203.5132392670787]",246318116.271713,469.5648604058151,28484532.59211023,533.4230028018185,2160337.0818649223,493.27206568360594,67409555563.41782,1208.2828025548495
36,"[2848.404943774676, 368.86947354532793, 6095.643339798969, 2010.7160929154459]",117121483.35392901,155.78106378110942,27532978.926768225,191.32637294787716,671742.210112091,153.22422491608418,64929762148.1917,2010.7160929154747
37,"[514.7875124998935, 2786.4646423661143, 9082.658859666537, 958.2475626678897]",72772528.14836207,86.75525140209427,27352063.818266097,126.22239664312872,352274.8103011214,80.19446194897846,64184292629.209114,1123.8522575345623
38,"[1448.948720912231, 4894.52760277563, 9856.504541106007, 968.2210860460017]",53495223.93146922,59.26060058076224,27188506.637816682,67.60467794707608,195724.68020852725,44.54130652093227,62712546659.86898,1078.536817434988
39,"[6721.355474058785, 7616.196153287176, 2376.3754399239965, 2912.865394447438]",51461722.165906906,52.080697618819286,27179618.426024217,64.36231812187226,193939.61298685856,44.07787316241676,56464123212.77341,2912.865394447436
40,"[3677.831327192532, 6323.058305935795, 6335.297107608947, 2143.098736299034]",81313522.13689004,72.37722985049929,27237969.660409424,85.24487334957038,232864.00803863365,52.909110563457034,52961561828.3431,2143.098736299061
41,"[902.897700544083, 8353.02495589238, 3207.8006497173583, 746.0740415994169]",240007773.84964603,191.62302438814763,27622215.134065922,222.7970084515656,640723.9443167644,145.4617437225017,52822918649.82696,746.0740415994069
42,"[407.75141554763917, 5908.929431882418, 6775.643618422824, 66.3513157114246]",1862871450.724615,400.281629551306,28831086.86705329,655.6434648027551,2456222.3471447905,557.5544798816875,52316497031.69822,632.2913826816856
43,"[5120.93058299281, 2264.9577519793797, 6451.727904094499, 697.4657160199657]",2296969407.1805725,1997.8554228525693,1016341155.434683,2263.6515674839807,9548142.602896955,2167.384499581836,53777580039.6226,697.4657160199573
44,"[6909.377381024659, 3867.353463005374, 9367.299887367346, 550.083776583973]",1754690619.817978,1906.2436351485483,33678076.24840125,2771.78340506952,11968111.573641112,2719.091748576611,65671472467.99158,931.1082412025829
45,"[3410.6635105025853, 1134.7352124058907, 9246.936182785628, 3509.357413523924]",984252381.3516308,1215.0053105549466,791700888.611428,1134.7352124058955,4897166.838138494,1115.6320169313822,70823469122.1739,3509.3574135240165
46,"[2579.416277151556, 6599.84046034179, 8172.222002012159, 2220.8032463978493]",418569224.9643335,590.8742605660827,28854221.11055956,958.5109248640301,3825325.159143756,869.8054847356402,70171168474.19942,2220.8032463977743
47,"[5296.505783560065, 2418.522909004517, 931.0276780589921, 3588.863031813307]",207343733.4092306,270.56701429232305,27832175.150041573,298.5573797751841,1127357.364775012,257.22449481262225,64472666410.784035,3588.863031813342
48,"[9004.180571633304, 6331.014572732679, 3390.297910487007, 1396.8382984506436]",114477118.6547761,142.26564751206024,27461526.457878746,165.50743958002076,558176.6401860296,127.07076115198504,63255398038.69876,1396.838298450606
49,"[7259.5567887023935, 8971.102599525771, 8870.864242651172, 3119.5021834304953]",72539985.3256851,85.76228845949032,27276660.863147154,99.20647608317577,233449.69058572064,53.19092618737141,57701392166.66191,3119.5021834305985
50,"[6420.316461542878, 841.3996499504883, 1616.2871409461377, 3594.2167541083168]",53479486.774947636,59.18002207967181,27187622.298505254,67.25999023264765,194208.68913724384,44.152983218823195,49570637576.23604,3594.216754108379
51,"[6064.290596595899, 91.97051616629648, 1014.7154286603211, 2654.007076432223]",51460559.803584866,52.07509885029716,27206239.64983621,73.89032948830985,235845.16881475173,53.58511805372306,44122104407.4802,2654.0070764322413
52,"[50.61583846218687, 1608.0805141749865, 5487.337893665861, 2767.580790770773]",139423241.5360186,50.615838462188016,27191533.55029689,68.63367525036014,159800.2706561626,36.34662532442559,39141343903.08357,2767.5807907707454
53,"[6519.612595026006, 2242.6930946055977, 7121.792213475359, 948.9963499872002]",244335282.12903026,212.34834659228844,27932488.259952627,333.8330277476875,1129204.7002651237,256.2634962049038,38662931765.852844,948.9963499872129
54,"[3253.9969815926775, 7464.914051180242, 6496.328990472147, 3396.893641976712]",953982327.7315938,741.2111404755575,29668894.27069674,955.6403940598575,3776274.8847725317,857.2559364157916,32408874211.8539,2863.522983619813
55,"[6576.128923003434, 5683.086033354716, 936.7476782809248, 1470.8632122377342]",2102066233.7864964,1731.292499855148,33278018.485892706,2248.122696862312,190164715.5955813,2085.5690658306416,33033822618.946316,1470.8632122377605
56,"[2652.0236768172545, 2439.8964337908355, 9730.105547524456, 1572.3908986670417]",1728611125.8434968,1841.1520012021142,33697794.82557449,2399.717863429801,10331059.899403185,2417.340082481802,42662273859.36647,1572.39089866708
57,"[8920.465551771133, 6311.386259972629, 7948.113035416484, 2010.5483724207684]",982474711.1866128,1205.9490335541852,31113593.681713015,1474.902232346001,6393633.058674713,1454.56825568784,51935540988.60749,2010.5483724208136
58,"[5769.038846263591, 4925.176938188639, 1952.4298779804449, 2889.8084610460214]",418437474.48109996,590.2410628739781,28929421.53119957,692.1716344057646,2653772.290157226,604.5725135973552,51841609968.030594,2889.808461046051
59,"[2807.723624408558, 243.1596643145384, 6454.722959071678, 708.4427176281957]",207334781.49600402,270.5213067374062,196063088.78117192,243.15966431453174,883758.08247994,201.51464390935539,53316327691.53036,708.4427176281791
60,"[9404.585843529143, 9539.285770025874, 9148.643902204485, 1480.6348010217775]",114476511.27829999,142.26254319520422,27494198.40052946,240.00333389314147,885878.219276489,201.3351673580835,51920935678.54972,1480.6348010218023
61,"[154.56616528867428, 9283.185625877253, 4281.841483173143, 3866.6192761746784]",72539931.9135971,85.76206038870535,27295301.33290947,105.89132303359405,262851.8994573315,59.996510232056835,44751004542.98505,3813.700325675501
62,"[9636.199770892528, 8530.0945546736, 2944.488920695857, 1540.390914407701]",53479483.16032573,59.18000357182895,27181383.840914693,65.0339834412415,184418.35928465868,41.94253494453046,42205062494.17709,1540.3909144077068
63,"[8511.36671516857, 3169.2200515627765, 1694.9274668609248, 2227.2050498334006]",51460559.536605194,52.07509756433227,27158384.644055486,56.75950790425575,160501.3669804071,36.48680674486461,37933540510.67365,2227.20504983337
64,"[9361.54774160781, 6960.29796674973, 5700.61170089365, 388.7059750830741]",81313443.09003337,72.3768264275764,27270922.589203756,97.03197220784178,284709.1242270265,64.66026147957797,39322568949.34817,388.70597508306
65,"[6150.072266991698, 9900.538501042633, 1400.8401523652403, 2073.318609454947]",240007767.96292105,191.62299619541895,27847269.553768996,303.36190823647365,995165.1094317033,225.89983268868397,35949156155.48886,2073.318609454946
66,"[8773.730719279554, 7407.686177542045, 6970.15740995268, 2809.936335948437]",953685787.5190609,739.7059970905897,29603346.78335145,932.1467984410586,3672897.9614709094,833.7497309545994,30459694733.049843,2675.014185945853
67,"[3594.9115121975515, 2935.9184426449337, 8093.611554785136, 3240.453578716723]",2102029521.0694144,1731.1954936820532,33294437.330679484,2253.9751130013556,9505564.971233029,2158.177934408036,28354222956.23718,2395.2967174971345
68,"[8670.723185801036, 9132.405525564713, 5113.423988609378, 2006.0651787487984]",1728607436.4067597,1841.1392666866789,32812394.990852192,2082.819103370174,8936737.41511593,2031.296135100357,37411268927.152916,2006.0651787487534
69,"[7982.951789667752, 6499.639307777651, 7019.668772577033, 3183.170677744404]",982474459.7016101,1205.9477523728458,30817438.36276324,1368.5671375771294,5925842.626177311,1347.9063654166996,40027185180.01754,3122.4248995287558
70,"[8900.053418175663, 3379.951568515358, 3755.82952639944, 375.927759363476]",418437455.8425398,590.2409732963041,28931314.01069098,692.7347422308771,2656249.2388990754,604.9540721428931,45111568047.6277,375.92775936347107
71,"[5782.801409961739, 359.42273796742086, 4655.980181324601, 2170.5785388303066]",207334780.22958902,270.5213002712203,27850661.999425415,305.2032314977225,1156585.0465323355,263.4199126772256,42644392478.92143,2170.5785388302643
72,"[2865.412521282844, 5908.332605690108, 305.0024993904943, 149.39275499685766]",114476511.19237529,142.26254275604114,27467415.043257136,167.62207592222677,567477.9493442137,129.19213073509667,44545987385.744995,263.8969661493313
73,"[8226.005606596582, 3601.9064141126287, 1270.6051265188478, 2088.9730402192176]",72539931.90604088,85.76206035644023,27294067.522941753,105.4386770828383,260861.01007905236,59.41328840628087,41576512879.75437,2088.973040219198
74,"[7699.9355309861085, 2158.210274968432, 6228.904758190002, 341.389859975072]",53479483.159814335,59.180003569210704,27246580.17289279,88.36961127555591,287052.14041107957,65.22934826629805,42255116065.81271,341.3898599750674
75,"[516.8172116860769, 5313.54631568148, 5406.351216101065, 2549.719605992826]",51460559.53656744,52.07509756415033,27170648.878176432,61.17431328887062,179918.3120699083,40.93184052108589,37151465709.346375,2549.719605992848
76,"[7260.913337226615, 9758.520794625347, 5163.003483011953, 1291.825891764984]",81313443.09003061,72.37682642756315,27261774.623333335,93.76216833717409,270327.01344417996,61.40421465125995,36154984844.30122,1291.8258917650026
77,"[7951.861947687036, 2708.322512620742, 4389.714207056361, 313.8255253690638]",240007767.9629208,191.62299619541784,27819480.982101377,293.41220588846636,951398.0649841733,215.9641062701932,37351937669.929665,313.8255253690555
78,"[253.5074341545751, 9626.48414677925, 8359.801205122058, 2783.896824374792]",2230440579.9484897,263.06328173723807,28500138.13409934,537.2587863022238,1935298.9017653232,439.4732872467839,31495778398.785957,2725.5754336876457
79,"[4089.5294441426986, 1732.9432007084577, 1564.3704267108606, 1000.9715926583813]",2549644153.9752274,2040.742189452403,1302987148.6389227,2162.0274391316984,181186035.56872895,2002.096527892607,31853625769.842533,1000.9715926583547
80,"[5492.266647061205, 7145.959227000623, 6601.973767177313, 1119.7355877837713]",1816605203.076212,1979.7620832276502,34549272.50377737,3194.2601551233274,13826963.425001986,3207.0485108744138,44047581654.831215,1119.735587783774
81,"[9548.65280663194, 7378.969166957685, 5543.540525114006, 2446.8829849374088]",988472697.4185572,1236.5055596365326,31537728.78716531,1627.0331836823698,7062891.089840384,1607.727566599212,54021772301.66272,2446.882984937405
82,"[4196.000624277899, 2477.3098950115746, 3559.726786512616, 3031.3844418574763]",418882011.09458363,592.3775201414392,29011904.732165743,721.8579099519924,2784353.6452463036,634.4578677522612,53907364899.392494,3031.384441857416
83,"[143.93488629755868, 1160.7264050691624, 460.0264202175275, 162.91520927588056]",545090989.7968588,143.93488629755913,27567314.294812232,203.81312122866137,710660.9321762181,162.28770937094444,55330425907.039375,717.3657889072927
84,"[8554.605840110073, 7036.578593800236, 4741.738290873252, 391.33664260400593]",137392861.16129687,259.3885992702575,27790825.969494417,283.27657345035067,1076150.3993064994,244.4432574730728,55887876156.224785,757.7891325741698
85,"[4916.158751168324, 4734.717707805657, 1732.018699100152, 1735.4065969518922]",74555173.112722,94.3671844174954,27283739.78371254,101.87610521139365,245191.61883326076,56.0687156617761,53711747005.11687,1735.4065969518992
86,"[3985.0473439737343, 6158.500980522164, 6350.936508676438, 181.21603908817806]",53615863.05721631,59.878305558929114,27187452.65648248,67.20191218038043,193953.2526798678,44.09940690626726,53405603581.37935,673.0765271107981
87,"[3746.126146264712, 6258.599157142364, 5031.362585800877, 3425.9593647532893]",51470632.6939395,52.123617096607965,27153569.035567198,55.038231375716414,152930.9467859026,34.77285318757861,45927331558.52023,3425.9593647533497
88,"[6586.93631618945, 1629.3442708142968, 705.6874740042985, 2569.6771128252626]",81314127.96131979,72.38032173134158,27246236.547815222,88.1941612421646,245836.3412058632,55.83722094617626,41408633554.20494,2569.6771128252267
89,"[265.1131054162181, 5857.755812734633, 9402.302414249576, 2301.8967115035157]",240007818.966199,191.6232404605477,27657765.12628558,235.52436296573939,696717.5995221855,158.17097870591203,37416662330.97573,2301.8967115035184
90,"[3881.699262065219, 6432.882184423532, 4582.528904915166, 2182.46715726374]",953685791.0140299,739.7060148299308,29601038.758216083,931.2499209335941,3668951.505645054,832.7428490232146,32989747394.700428,2182.467157263773
91,"[9414.648087765252, 3861.0263780077426, 9611.905638239143, 3621.402567824255]",2102029521.5021012,1731.1954948253497,32870960.19161529,2102.3967122744302,8838599.507174673,2006.842424635285,30047948289.67554,2557.2153018143695
92,"[1957.9113478929644, 693.6130087516545, 1007.7800137742665, 72.88730260619892]",1730958981.3378444,1840.229213635948,1295376117.6157613,1799.0453844040396,147595100.3050951,1693.3550394878373,41839196334.82956,87.47518796876268
93,"[944.4296075592839, 6830.067734163568, 711.8864846022899, 1275.9025211750452]",1682760043.741072,944.4296075593044,30358335.218266346,1675.2561723646502,137581934.43184897,1654.559717319577,48630753844.47955,1275.9025211750109
94,"[8448.753109694546, 232.71935735825866, 8144.684825889358, 1127.4190990935997]",470354394.49312556,839.7126933645873,1266282559.2906754,465.4833975254299,1656683.2911057398,428.93067942596014,52430832094.00999,1127.4190990936002
95,"[1181.6482762165626, 6967.371653641507, 6289.42846779884, 3509.8880541082117]",210862326.5306873,288.53259151119966,27978854.517417457,812.6573396036233,3388586.618484161,769.4869060390786,45975552100.28471,3509.8880541082635
96,"[7350.710438038857, 8034.809303848486, 2820.345725713065, 709.7581751188912]",114715850.93884814,143.4858143813011,27479389.192208186,171.95591031309647,586540.4863418505,134.3503942623125,47791545336.94496,709.758175118896
97,"[7506.147516408583, 8068.34739267264, 9905.051420006734, 1650.470707645706]",72560979.20720984,85.85193279310377,27320135.133291133,114.77310963341814,301916.9890095706,68.7351049404806,45862594363.14307,1650.4707076457141
98,"[3720.1808579278318, 7764.129607419968, 3408.0354025301785, 3723.029302414259]",53480907.5197195,59.18729667746779,27190734.397808217,68.39015220442943,199179.32019430457,45.306369111232975,38367337919.219124,3392.975299890557
99,"[8584.127518430118, 4289.940273750183, 7508.7106779149735, 3018.1714963387294]",51460664.74123284,52.075604305084845,27166341.88204549,59.6111949980847,173043.49441059417,39.338145921861496,32525893075.28919,2851.9848970597623
100,"[1031.238688359326, 9025.529066795667, 5052.523724478571, 3305.8298644309666]",81313450.2428679,72.37686293272743,27256771.098497003,91.96962066587089,262442.5591429647,59.61267004260821,28437697773.795082,2475.539752588736
101,"[3200.4960103061176, 8955.232284962005, 3892.0167873416312, 43.35060592119344]",240007768.49560246,191.6229987465376,27713576.027091224,255.50444054362444,784619.4155380558,178.1211614394537,30435358618.18354,43.3506059211927
102,"[9053.819764192636, 912.8667678613356, 3193.1363759041487, 3800.2478682032197]",953685787.555564,739.7059972758609,210844933.59929755,912.2816528496656,3585487.006353688,813.8376286955693,25812127293.95955,2292.6594834624902
103,"[9506.071469375562, 5734.378881232861, 6318.372121697993, 1793.7820879132792]",2102029521.07393,1731.1954936939926,33640391.65634399,2445.4754610822797,10348190.883311061,2349.3365784222233,26083417754.440113,1793.7820879132219
104,"[2932.1077169806454, 3286.6454536991596, 6725.184560770384, 3009.49811775072]",1728607436.4072113,1841.139266688244,33705353.26509327,2402.5630078830463,10343578.25428794,2350.8150191346554,34244014348.844765,2467.552349707971
105,"[7915.790437258485, 7896.181427945539, 912.0610304869036, 1977.6812188103258]",982474459.7016412,1205.9477523730022,31259614.717611097,1527.1711810633492,122167726.08493088,1461.3189348708436,41840860256.44956,1977.6812188103868
106,"[575.5876001664428, 5495.288823237355, 4415.3050137337705, 3550.816731033199]",484865315.34133047,564.2240933552368,28704804.414390408,611.8323010212341,2300382.7582178363,569.0345145200591,39826331626.79394,3296.0932441452824
107,"[3509.150125520787, 1170.6701642760586, 1429.9168205283586, 3046.042526869889]",211848284.99615312,293.5667947664472,27983096.558829375,352.5217405791559,1364686.3377442467,310.5051899240184,35035419529.40037,2981.9186641086935
108,"[6182.18063316261, 1011.2267612279024, 841.0680611499744, 2803.87652583648]",114782747.02723832,143.8277220166775,27469296.54614105,168.34497672548903,570657.6562884477,129.99126379767583,30582488098.118843,2653.9711648082234
109,"[727.6300636419353, 8218.600592903562, 7062.422271564962, 325.39512256759906]",72566861.98322223,85.8770523754358,27265038.418517612,95.05006600558497,215168.39885775576,49.04879825296049,31943424919.007812,325.39512256760327
110,"[848.3771408519192, 9866.395785011755, 3742.7079575612033, 1482.5685882675637]",53481305.632057786,59.189335120400095,27182354.647205677,65.3701711208164,185896.965858601,42.260234548653216,29659666910.3232,1482.5685882675903
111,"[8127.995672575025, 9472.485773838587, 9860.010638228709, 3013.5127410357663]",51460694.14621343,52.07574594050819,27155192.123652216,55.61720544045488,155477.35747536333,35.34749406931065,25463120144.786263,2250.095607100918
112,"[3762.5958553091577, 835.0071669866876, 7771.4691592743675, 2233.61699894322]",81313452.24210477,72.37687313601693,27367628.98995868,131.6454440421986,436955.19346878957,99.20294344554762,22776137940.794067,1986.1611961936703
113,"[4242.220092469763, 9063.54385094736, 1111.9748230615135, 1970.5004171634366]",240007768.64448828,191.62299945958262,27760703.29208724,272.4151484276613,859024.6885630428,195.07006096872257,20451770553.990383,1793.282173132419
114,"[113.53644767419068, 4686.606419941263, 563.0327568183735, 475.2716650722877]",2378061339.196968,207.9594165466786,28367101.869305227,489.61842740493114,1725668.111510141,391.87370690643746,20811846088.43738,475.2716650722919
115,"[1175.2624677710487, 6492.103021160636, 7460.448792654233, 2333.4750603886387]",5015287620.077301,1175.2624677710548,31733649.015777215,1694.8518659667934,7045347.036087016,1599.2290152184119,20412858475.25701,1718.543628433611
116,"[9621.725484745419, 3748.7057952370405, 2857.1208628186073, 3474.3965127578413]",3619968858.266296,2234.581782138362,34646268.640624076,2738.6027758004716,11822120.078546513,2685.0026235438095,27214614742.929085,1975.4597694370623
117,"[2235.9583851945263, 9632.225394406114, 121.54474689816341, 3879.5153068305563]",1225251250.2510636,1819.2033324153422,33064716.973162144,2173.632826354142,189463861.6243518,2082.241969138179,35487220154.69284,2559.6039990032887
118,"[431.5991195057611, 8911.431136980711, 5277.011090862999, 3971.8591844772013]",1068578800.3026649,431.59911950577526,28499867.2626642,539.176943390909,1980816.1886189787,522.4704009026524,36302473086.723015,2900.2742816905065
119,"[737.9656473539886, 5538.542844013208, 9693.02535619099, 2092.3913766805954]",259925563.08290324,492.8489392263073,28578962.126171794,565.7267275375096,2302419.928632631,523.157228485535,33897302622.773083,2092.3913766805545
120,"[6293.986381352625, 6957.486889846172, 4545.410647677732, 2510.232320336254]",118044732.148402,160.49981221289607,27491038.84366891,176.3497831979665,605867.1049609666,138.33022388819566,30335154696.922794,2507.228350868022
121,"[5843.143119231002, 9011.58010490989, 454.4638034145787, 1123.8527583689213]",72853717.73645811,87.10193272029889,27265126.971362926,95.0907457683996,215347.32215876697,49.103937376849835,29771046528.253124,1123.85275836892
122,"[9504.114840765587, 8902.637838909162, 4556.56752785713, 2480.5303912061468]",53500718.37434686,59.288733615519654,27203472.69756093,72.92910629188644,219142.35798623905,49.8036650495785,25451199887.0497,2253.6471722128645
123,"[2773.811829811327, 1881.2115972376132, 4636.984049399822, 1413.4089121042114]",51462127.991023615,52.0826523629175,27209714.881798375,75.14031038509818,241342.76345854867,54.84206670245877,23460356362.55033,1413.4089121042198
124,"[5836.561118508721, 777.3463696498484, 9743.948076661665, 3944.8429779184116]",81313549.72883186,72.37737066851815,27266179.46766903,95.35340406616935,277326.00465014495,63.015207510767375,21212622692.962387,1849.0835707717524
125,"[6981.617140197452, 5360.963663441204, 3095.2761628632775, 3255.1800788277947]",240007775.90445477,191.6230342290469,27859975.319388576,307.907765989151,1015161.5627279597,230.43392162956562,19108622623.442066,1681.3669358664702
126,"[6847.311725538792, 1626.169393448913, 9109.271844938425, 3290.148971692676]",953685788.0632514,739.7059998527176,29800317.37882574,1002.6543282460693,3983146.406157983,904.1523686340838,16742224817.441048,1508.30635142409
127,"[9497.99913291924, 7257.1950838836, 6134.151959357899, 1672.9721451624755]",2102029521.1367855,1731.195493860067,33837334.274004355,2448.3707906387294,10360930.70197311,2352.3757098332376,18088458371.908646,1474.106313932056
128,"[9327.284833540132, 8660.638895004084, 452.18670106189404, 105.46789798900802]",1728607436.41353,1841.139266710048,34240794.44064515,2594.285778726233,230480837.39453417,2456.9852641869707,33359488596.203075,105.46789798901116
129,"[3764.633668780496, 8105.533307818329, 9872.761293149444, 601.6675644141127]",982474459.7020718,1205.9477523751978,31735892.227356307,1697.8477629638198,7374429.21478308,1759.2488121019662,46689644418.96189,601.667564414117
130,"[5941.307153521351, 3808.908566310215, 9699.143978146032, 3368.4756925428346]",418437455.84257406,590.2409732964696,28907635.356424812,684.6139359023509,2620528.1565038254,597.4081508839872,46922598140.68903,3368.475692542789
131,"[8383.287047111378, 4686.931597949703, 4148.195023376652, 1093.628287722825]",207334780.2295917,270.5213002712325,27926883.78515508,332.47691399530163,1276531.525278787,290.62238571914514,47393684317.30286,1093.628287722785
132,"[563.7549665092712, 8647.223762550531, 8129.0100913007755, 3998.870693144522]",114476511.19237548,142.2625427560424,27434295.443429206,155.79584915966151,515459.83677424927,117.43400886497082,40539301293.825294,3546.5447041031457
133,"[9966.368370739054, 5554.317056026274, 7689.874151805105, 3779.062919529712]",72539931.90604088,85.76206035644032,27259294.987435944,92.98004972256487,206063.7699002919,46.96051852921904,35266645881.04931,3052.711009784527
134,"[8496.473906774114, 2473.4810174319764, 4505.441353100935, 516.6376606059799]",53479483.159814335,59.180003569210704,27185283.48649959,66.41636271110814,190498.28190017815,43.30087312294116,35530902324.11249,516.6376606059935
135,"[9540.510272587224, 6061.746344508801, 2286.428055034627, 2686.8027376234268]",51460559.53656744,52.07509756415033,27182997.17067286,65.57040562832947,199252.95451215847,45.28138624035982,30305376970.83527,2624.4980776047587
136,"[6181.282404578958, 3581.627180328405, 1135.5759219962902, 2686.2927823711984]",81313443.09003061,72.37682642756315,27289838.63687737,103.81188809356375,314530.3322332802,71.44114181063922,26671032624.423355,2322.201797828297
137,"[5203.077009037933, 7723.183917356393, 5201.635011119934, 3408.7260012741604]",240007767.9629208,191.62299619541784,27761407.416414373,272.6371594337398,860001.5369897883,195.24446834453403,23539281816.285954,2061.7686507898693
138,"[5519.0683877448555, 5609.379715353863, 8766.53602658345, 1613.931464849588]",953685787.5190609,739.7059970905897,29999462.070306506,1073.8984993653146,4296636.232618968,975.2250732740291,20842341102.59827,1613.931464849613
139,"[1340.1522845064073, 287.8267631333897, 7551.37255673619, 2481.238205413859]",3219492280.684506,1313.9707101894946,1291654195.8525836,1642.3634339849357,6814389.603995385,1547.784853046559,21971047449.544792,1782.0215132868304
140,"[7040.797680992236, 2129.6416150891073, 1363.7147558676977, 58.17866267152772]",2244379863.157359,2072.881870346173,1307849674.6475332,2857.1627394538173,257885168.91531447,2707.8973958336474,36103923744.47673,58.17866267152669
141,"[3505.8755880659696, 5899.176868546331, 3922.4404509973233, 1749.8996880949162]",1019452116.103222,1384.3444611709012,32617617.953078978,2488.419355424022,10852442.226636184,2558.545111982844,46848931264.474724,1749.8996880949544
142,"[9041.586944937484, 3482.5546702330034, 5139.894891598108, 3134.6120509645725]",421178077.7924355,603.4123908035222,29200056.808319546,789.6185074981763,3082412.9499727488,703.5453545660124,50960868507.921005,3134.612050964477
143,"[3965.4278232127017, 6220.867002278735, 8623.637087467452, 3798.0824946305684]",207520994.42236203,271.47209092647205,28021363.86591961,366.40387308765156,1425738.3395057798,324.64973895934867,44802919880.17885,3767.6653189200465
144,"[1470.7348092903794, 9265.876251614944, 4921.162930795382, 1032.9775531958335]",114489145.59994476,142.32711753941678,27511496.85493936,183.46425657845526,637160.3893374962,145.10348325694702,44639837183.296455,1032.977553195868
145,"[4591.357562382613, 9800.325752854771, 4926.180939928696, 1315.0064411500327]",72541042.96337721,85.76680459558479,27284594.57640008,102.0665722173771,246029.35688988524,56.077379658988654,43537204060.58381,1315.0064411500655
146,"[6334.008543167258, 2401.4561877819306, 758.6332810866392, 515.518887642597]",53479558.34976432,59.1803885621068,27197204.19287199,70.69265337959354,209306.08444221682,47.583269805675265,43734940439.958694,515.518887642584
147,"[1280.4583895777243, 1519.0269351229435, 1388.2717264941014, 2563.4989792128586]",51460565.090173244,52.075124314289276,27163425.346701007,58.56979542216954,168463.27022851777,38.30285747815685,38580376194.31105,2563.4989792128868
148,"[1818.8008439914483, 3456.672833238632, 8967.884099060118, 1895.8465610514895]",81313443.46761875,72.37682835461922,27254468.591354497,91.14438251059372,258812.77979200793,58.78736545864204,35950969869.10677,1895.8465610514684
149,"[6675.577385210272, 1723.1987120162985, 1922.8901880867077, 163.47446506591547]",240007767.9910406,191.62299633008809,27707451.76186906,253.31153594645232,774971.790513099,175.93084081007854,37537756584.73166,163.47446506591857
150,"[1689.3506307216455, 2785.9033903195864, 1770.1048427674682, 354.8101350282225]",953685787.5209888,739.7059971003697,30064344.923206896,1097.102236670855,4398737.716387865,998.3600861348698,37971395376.3928,354.8101350282109
151,"[1206.3587110060082, 4607.7876803272575, 2063.3371840579252, 1457.079444192302]",3536445457.833478,1195.6302744681493,31978488.511453137,1783.1223156229287,7433748.95897723,1688.3552164359337,39619518705.84564,1457.0794441922635
152,"[5034.172708548569, 6903.948286293653, 393.12139841098934, 3197.6415956361707]",2487086260.2827053,2101.4182082123193,35107618.76672653,2903.825123793698,262749617.46433276,2752.9138190389845,44549196367.68242,3197.641595636111
153,"[6279.003894909078, 817.590319488719, 8735.786241067772, 3683.4896021272525]",1041834556.721899,1466.3626941170844,1288832353.4418802,1516.4332431703642,6576336.704708143,1590.2002955271423,50724792754.98105,3677.526468206021
154,"[610.7795985486375, 2768.776481472037, 8062.0127979306135, 2993.0387615346335]",481043915.10795003,588.5571879379012,29191591.70584143,1269.857120756227,5194887.582296274,1181.1891110073173,51238314810.23897,2993.0387615346267
155,"[1845.2101935637731, 2093.493233367103, 3704.72102791382, 1938.0919407640854]",211588636.28402442,292.2410549532594,28059030.221779402,379.8828423678997,1485017.2763505152,338.88856886752086,51226784659.02105,1938.0919407640733
156,"[6182.54771530296, 3689.1363956977243, 4625.347161331479, 2989.8837525350264]",114765130.17642221,143.73768183719554,27441523.458491184,158.43234944408314,527056.5845230671,120.1431081722851,45880712366.497345,2989.883752535115
157,"[366.832028905979, 2524.3694434402073, 7133.495858845525, 3580.8273507487975]",72565312.77474253,85.87043722131926,27289712.98302664,103.86950422095168,253959.2592112981,57.83085824027198,39657766912.72938,3434.6719981495057
158,"[5116.774421156661, 5321.1348526531565, 1071.7201133977605, 1789.6494672938186]",53481200.790566474,59.18879830358629,27213920.455427367,76.67790983783334,235630.18875524437,53.55915605247473,36489713696.75966,1789.6494672938588
159,"[5326.172664550231, 2424.7050363472968, 2692.4323094938095, 1509.1366524184905]",51460686.402514644,52.07570864131504,27155520.969115313,55.74708455656272,156048.5843916227,35.496277182736314,34129382443.99884,1509.1366524184718
160,"[200.71197777726368, 3220.791655831783, 2114.4800699654465, 1309.9894087116586]",81313451.71561275,72.3768704490165,27277296.342875745,99.31229642339373,294739.0455269175,66.93438371460446,33117223467.627754,1309.9894087116904
161,"[1197.6213181925123, 8905.27280739895, 5935.924535540486, 2716.4092765779583]",240007768.6052796,191.62299927180476,27734818.084953044,263.1153833905682,818105.7223998331,185.7312237427259,28713494030.18324,2508.764266212022
162,"[7891.712386073383, 4984.421989290573, 869.2028808742369, 2148.426167274191]",953685787.5630792,739.7059973140065,29808946.835826978,1005.696389442959,60201658.22927047,886.3729130650175,24565377586.70001,2123.3503278361945
163,"[5868.411180208791, 7454.3947418433, 4316.595462296794, 510.32121118225507]",2102029521.0748627,1731.195493696452,33259445.032241445,2241.5268866596257,9450791.101006724,2166.856653206245,27633225615.880554,510.3212111822663
164,"[2837.759057987245, 3630.822963986351, 6459.172413316012, 2283.1132186756477]",1728607436.4073067,1841.139266688566,33382010.471778076,2286.684168344577,9833722.793233465,2234.789265793527,35868537782.4486,2282.733685904904
165,"[3560.9672589784623, 9865.152487929798, 6057.748193568871, 948.9071669439779]",982474459.7016475,1205.947752373038,31387253.339345407,1572.7368675494386,6824028.18282933,1552.0390151527095,46961999818.97692,948.9071669439435
166,"[1017.8247262040375, 1528.5913918433203, 2459.577283845081, 642.7254930382227]",418437455.8425427,590.2409732963185,29095790.86343063,751.8246456762747,2916168.6636840166,664.2728565626383,51630015168.516975,642.7254930382074
167,"[1865.6702405130577, 2850.951686938471, 1733.7359529475482, 3587.061698505701]",207334780.2295891,270.5213002712213,27961331.878462132,344.8773602404107,1331067.2434429007,303.1068574084787,45419155809.950874,3587.0616985056477
168,"[802.3374566164221, 5245.113895702547, 4103.968269896615, 3929.5144676344257]",114476511.19237529,142.26254275604117,27579194.878768552,207.6733767233288,743645.1339816675,169.22948868484497,38955041466.76604,3400.6828492776817
169,"[1120.3890216805235, 3978.5559904574166, 9694.704332753689, 3462.028503575921]",72539931.90604088,85.76206035644023,27276250.25896976,99.10816041044528,233017.26513657946,53.16946259519776,33967030189.464638,2938.267392647936
170,"[8170.720709492799, 2579.0282704493984, 1708.8758739006582, 2674.572879697724]",53479483.159814335,59.180003569210704,27187087.197822396,67.06830535017218,193365.62871423253,43.961531826586494,28847775047.493465,2539.555543220922
171,"[9293.759891275859, 5567.628930139298, 5716.1268946989985, 1119.9163746411366]",51460559.53656744,52.07509756415033,27165351.023742616,59.255136817931124,171477.4996428967,38.980599939894425,27571631188.723907,1119.9163746411057
172,"[7694.929331919369, 1870.4374855752337, 3236.792364042437, 1701.745754465667]",81313443.09003061,72.37682642756315,27258449.105126206,92.56986904584366,265082.72933036793,60.21113886810832,25609511134.51376,1701.745754465696
173,"[5076.10378684455, 2424.0973241508023, 1148.3682473920353, 2442.4801697665303]",240007767.9629208,191.62299619541784,27833276.192481313,298.3485480494769,973112.1926246284,220.8887391731323,22652320021.2002,1986.7754537402718
174,"[2886.3055324025577, 5812.382214226122, 1543.627152742023, 1924.56040741927]",953685787.5190609,739.7059970905897,30072714.833527435,1100.1451031227946,4412126.989657195,1001.4720844586234,19603704212.119446,1754.64664178009
175,"[5325.894325515858, 518.2353682242691, 3366.0427819392057, 537.658707755897]",2102029521.0694144,1731.1954936820532,1298330479.0401118,1948.9918593019067,8163597.395966128,1853.9623587929893,24099286026.200344,537.6587077559084
176,"[633.7497047276775, 9899.602323899453, 3223.5384497472296, 3239.4977834185393]",4856611641.981892,633.7497047276635,30709941.033005834,1818.3150641776033,7772947.379664461,1766.7296600726822,31890780596.659985,2299.62824543546
177,"[2546.4065476376386, 6815.027222239292, 7602.278598896865, 2382.554962431377]",1695574106.7669835,2103.2639359853633,34313322.15977246,2619.0834440900335,11427284.316939557,2595.7458911494864,38626172021.35668,2382.554962431391
178,"[4715.7618855015835, 4118.409141472685, 3488.682665429953, 3718.116576991303]",471304617.80120575,844.2779627718015,29734119.574365683,981.4261272105521,3926123.137535491,895.1940066435317,41086184523.801926,3222.2400094103623
179,"[8306.194077877291, 9650.269106665126, 1242.9722348554474, 2923.469900814577]",210926890.36674464,288.86224786593976,27988467.622292094,354.8285270756434,1374831.3160579787,313.4138560459813,37312023520.07657,2923.469900814504
180,"[9383.404568210379, 1812.3306616566015, 664.962673667775, 2964.4825971602363]",114720231.51697078,143.50820362921598,27485234.782454982,174.05184418838328,595759.5319810719,135.69065284924292,32428443446.36085,2811.4163989865756
181,"[5744.731131799119, 8418.28776758272, 1397.723766262895, 3181.069247439561]",72561364.43092802,85.8535777068121,27264489.90290225,94.86034268371802,214333.93177440704,48.86986363190979,28585022276.108196,2478.503524214914
182,"[2016.2732004774452, 1636.5594286570451, 1642.6579793099295, 3258.2988809255285]",53480933.589438125,59.18743016148358,27188182.431320377,67.45593776360377,195070.4973622979,44.34139307776274,24496046849.987087,2171.28267841207
183,"[6651.972206962001, 5230.654247691194, 3588.304841235025, 3508.8021632524333]",51460666.666768745,52.07561357984288,27188615.89818237,67.58259670837558,208102.8584845955,47.29107840603379,21287667220.88546,1890.826442430495
184,"[3924.4510742263537, 8165.994394715771, 4391.349085702184, 1507.7777176996303]",81313450.37378456,72.37686360087275,27302224.035393596,108.24716089171716,334038.7147718825,75.87088708509039,19959148613.018284,1507.7777176996708
185,"[4626.797856696065, 3013.7787416414208, 7476.093801762511, 2010.8815603699165]",240007768.5053519,191.6229987932305,27837655.05570678,299.93273286038453,980080.7515429745,222.49641574672586,18125603319.36162,1595.3823217337053
186,"[2322.126951468173, 8995.745732745685, 3838.912213732114, 2174.2114444559543]",953685787.5562317,739.7059972792521,29889628.97585852,1034.6137938132597,4123774.9959365777,936.0478058925371,15954546092.001196,1440.2128136710887
187,"[9064.72110964547, 6242.379959139921, 1168.9804070836408, 3759.3284944539005]",2102029521.074016,1731.1954936942127,33452714.825632628,2310.735147293747,196694426.67140165,2145.8888863941283,18737654164.818985,1470.7651691066235
188,"[6277.080530714178, 3349.056146570861, 1392.7207266338726, 3176.100757081184]",1728607436.407222,1841.139266688276,33385476.7426914,2287.9993906516625,198559988.1111322,2234.9887246466787,27835087478.933098,1937.8168333905155
189,"[6200.727559285136, 5334.610919763215, 8938.925830509577, 3154.388844898123]",982474459.7016419,1205.947752373006,30730679.822611697,1337.7271274603129,5790170.939401396,1387.878353498683,34669264243.31213,2550.0174029653576
190,"[1516.7487973275117, 3117.220677955482, 2484.8913981446576, 2975.785170290708]",418437455.842542,590.240973296316,29052429.999344274,736.0514882674605,2846787.0982778436,648.132314414276,34481081127.58321,2797.0663408235455
191,"[335.32434735779384, 5698.896848713165, 7624.586857406905, 3507.0625470469977]",209339679.34201252,269.74757765564254,27824875.961382113,296.0187409829775,1116192.727071198,254.32602539507798,30873880756.873135,2645.9635353045674
192,"[3420.8174871590745, 8212.573046720128, 1106.3173695520723, 3385.809166938073]",114612541.17024465,142.95779548595527,27439492.906829204,157.6181221146319,523475.1743462382,119.19284835563266,27237212504.400066,2366.2367302134135
193,"[1274.8866233198241, 3972.8729056036727, 7972.953657795536, 599.6697093950951]",72551894.24808568,85.81313981879698,27272576.679957036,97.7356574063148,226980.53455715568,51.70899776308802,27970971471.04737,599.6697093950969
194,"[2292.5139523264147, 7222.525683930663, 7200.365365460743, 2564.590531541189]",53480292.70210404,59.1841486448592,27191210.98540736,68.54298424426304,199851.49967182963,45.43091996122026,24001651500.62744,2128.6487364153713
195,"[6939.484444671, 5427.244433475962, 2517.9905890695277, 1382.7839740156778]",51460619.330180906,52.075385572970916,27168511.105162207,60.3877940512266,176459.0880455853,40.11335923330203,22107444635.700256,1382.7839740157167
196,"[1815.9771680142567, 9084.505613336283, 5833.917947661204, 1603.4056670545597]",81313447.15538262,72.37684717546126,27238806.111753125,85.54012219510311,234162.64911097786,53.19724737380663,20493557456.756035,1603.4056670545972
197,"[4620.058036441327, 9472.833396118152, 1533.514031160802, 2344.919328067189]",240007768.2656733,191.6229976453602,27710413.14481031,254.3654408953358,779608.4171004508,176.97332202942138,18528612816.088387,1631.3980271746948
198,"[5058.88678884466, 6114.5423543464785, 181.1018382084051, 3488.495635776606]",953685787.539807,739.7059971958885,29781749.510942593,995.9523871542094,59185329.03560599,877.0561882430579,16277471598.554514,1468.1291956447396
199,"[9321.182824836123, 5651.33183589209, 6966.508238768923, 3689.997524709183]",2102029521.0719812,1731.1954936888362,32688125.56843965,2037.0211637762327,8550938.247425586,1962.3010542733875,17737311772.948605,1442.7629702598872
200,"[7072.386343133986, 1525.3904291426134, 5762.883601668132, 2426.8601855314237]",1728607436.407017,1841.1392666875647,1297667916.885349,1904.353589597216,8151507.869152425,1852.769522360936,26145271125.19754,1833.0136918817493
201,"[4241.3067130238605, 7364.442356247228, 9343.670147690149, 3702.274051627105]",982474459.7016268,1205.9477523729352,31370326.953845657,2038.3498937165018,8872417.290544631,2016.189358137347,31365670580.2751,2355.0401699442705
202,"[4508.393714041321, 1132.3804584075526, 9848.411989623346, 3355.5923457837366]",418437455.8425408,590.2409732963101,28812910.692430466,650.5687427745893,2470773.181482805,564.0084796349745,33564327728.80052,2637.217049831678
203,"[1246.6268120326683, 9208.418826173724, 8698.963620621284, 2075.3522285042886]",207334780.22958905,270.52130027122064,27840430.05000372,301.4966792311333,1140284.0614084338,259.6520028995077,31218277776.838356,2075.3522285042986
204,"[5912.754357449292, 3990.0270387013024, 547.6163882203133, 1340.7889665836037]",114476511.19237529,142.26254275604114,27455738.03585534,163.4386391985594,549076.9422613891,125.010868803264,30291180832.774014,1340.7889665836208
205,"[8028.534485980114, 46.320230046028584, 3334.991716911442, 1592.6747743637732]",72539931.90604088,85.76206035644023,161067094.84630218,46.32023004602822,28140.11951730752,6.610734650758406,28596214711.531155,1592.674774363744
206,"[5373.956029379229, 9198.556164127605, 3463.4599436596127, 1387.8128075849108]",53479483.159814335,59.180003569210704,27185570.909298457,116.46999764009273,410642.0829737056,93.18499603893234,26594529049.770428,1387.8128075849188
207,"[7375.012481097484, 4522.179408898071, 2246.04822939982, 1809.7580645307735]",51460559.53656744,52.07509756415033,27184054.626146335,65.949004316577,200918.0856561672,45.74407917165111,23568649652.944275,1809.7580645307075
208,"[1408.5702037979986, 1763.8698650622332, 4983.677727394797, 1675.7017980181915]",81313443.09003061,72.37682642756315,27240825.198212795,86.26862822740623,237366.95581467502,53.93343171750113,21755283186.121216,1675.701798018223
209,"[9148.459010681001, 3623.938991166331, 5805.883502780434, 2529.0571516781215]",240007767.9629208,191.62299619541784,27752956.97791358,269.59364257092017,846610.062793382,192.17635212317833,19546281541.768276,1719.0724972180658
210,"[130.94456588333637, 6635.373720167106, 1780.3596686975143, 3844.2812698778207]",2369067457.891035,211.31649385154793,28358374.93945433,486.49185647790716,1711910.3324045315,388.7474404860692,17092914389.388954,1538.6228914495773
211,"[1486.6272775311295, 4146.241237270237, 853.4966807864386, 3987.4970073837894]",4172352538.164558,1486.6272775311268,32411122.603659317,1937.3405150915294,157753552.26106712,1786.0248412949788,16813794581.211397,1436.162855618187
212,"[5021.950103312426, 5953.850173200438, 670.7647738842747, 2999.841881596711]",2974173852.3572865,2158.6779716056103,34454418.60967847,2670.196579246541,238394367.50478438,2586.6830266971588,25351570685.049747,1766.8784254874115
213,"[2099.0559309558575, 8980.542894407137, 2051.396404820072, 762.7508826546663]",1102049114.998019,1625.1029180824733,32724354.53136231,2051.7333651517583,122267264.78126012,2070.3888886990426,37107632355.47356,762.7508826546533
214,"[365.4966784809488, 4720.669451099992, 5648.411332626164, 262.8345577134095]",1116949450.6752682,365.4966784809605,28299160.23805396,467.2079427057729,1664268.5120315645,424.7479120581755,45036480917.181114,268.3429551119904
215,"[7755.276166950106, 4532.888347480276, 5243.902693275801, 1763.0509877529125]",254800613.43444,512.8729319797367,28539599.67400613,551.5625712328869,2240121.0146620334,508.90349499460257,43182502101.404144,1763.0509877529353
216,"[4007.63060875326, 5596.403313082179, 1552.4024593071251, 727.7125219810845]",117697010.51844963,158.72259798217132,27533882.12673029,191.67022365596011,673254.650656267,153.59717213879352,44263385892.328995,727.7125219810742
217,"[8617.856210135173, 9461.154621336327, 3733.0931627975297, 1082.978692574215]",72823139.43938684,86.97136272252372,27339674.400479,121.78865184603444,332773.7070485739,75.77107589875244,43722589067.62969,1082.9786925741844
218,"[6439.9954323901575, 4087.341710980964, 253.86355660344861, 624.6103894647614]",53498649.011630595,59.27813791828183,27179132.834932864,64.2448346432879,180947.5580882902,41.1811066812336,43627806311.25525,624.6103894647727
219,"[7159.722288473975, 6589.239419101514, 270.9599250348349, 887.8886477317977]",51461975.14579715,52.08191615095817,27192206.805459984,68.8643743608955,213740.299804809,48.56469468372457,42794939270.285225,887.8886477317822
220,"[2310.7479658807138, 6718.927435987284, 197.10537754364154, 416.4343279382954]",81313539.3369255,72.37731763246597,27253737.371627253,90.89339836886124,257708.8353739603,58.55377962218404,44074273267.710335,416.43432793828487
221,"[7999.160853731893, 1785.4466205433362, 6527.461078518747, 952.7311241869061]",240007775.13055554,191.62303052268587,27751373.261883087,269.03177543742555,844137.8474060057,191.62328597953694,43520229922.477165,952.7311241869031
222,"[994.4139275934516, 2431.721909994541, 7222.669318556592, 3422.7858724251428]",953685788.0102191,739.7059995835507,29719152.412173998,973.561950598725,3855133.6259301314,875.0424946295897,36292606980.93909,3205.057448879228
223,"[8302.198645669916, 3971.835296184548, 6680.851365706461, 819.9371816632839]",2102029521.130223,1731.1954938427202,33663491.93228182,2386.1161260840804,10087002.252092144,2290.173723444134,39159535583.54324,819.9371816632639
224,"[2931.4773026101325, 8963.358185211198, 130.01923510736034, 342.0341234178723]",1728607436.41287,1841.139266707771,33891289.9536439,2469.1229645529747,217436622.02436092,2336.7939606225896,52734729961.68977,423.12954704947816
225,"[2078.862551460273, 265.32203873819714, 1814.354350897973, 2332.166243878769]",982474459.7020268,1205.947752374966,1279482222.7513947,1086.4338114230313,4684678.822727247,1143.9298182168282,60632632803.29723,2332.166243878861
226,"[4214.24550592498, 8926.717110769749, 8174.435617384409, 1367.2694067915038]",418437455.84257066,590.2409732964529,28925441.86071881,1172.0378336367776,4764583.0013536755,1082.8289529881395,63633098193.29121,1367.2694067915365
227,"[2594.2343343129246, 3796.924081672669, 5902.949425148077, 1072.254563291505]",207334780.22959137,270.5213002712312,27915741.752350565,328.49543179747354,1259021.430341532,287.44958301063144,65214496079.52864,1119.2745399421158
228,"[6241.4890784913405, 4094.116521912404, 5520.471808519802, 1744.5061165412667]",114476511.19237545,142.26254275604225,27453251.986718487,162.57691104286192,545286.5978761732,124.19515089782439,63104779099.62556,1744.506116541298
229,"[2944.6575954191767, 9484.533069621566, 7636.057941597608, 560.4527030658102]",72539931.90604088,85.76206035644032,27247479.12987707,88.7590418833242,187498.35545497012,42.76110197380521,62537053929.66781,1053.4335108523537
230,"[8684.679758979128, 4874.311982495136, 8945.522268940915, 3199.4210237892607]",53479483.159814335,59.180003569210704,27199014.057892375,71.32661170529877,212094.33340237653,48.194078349412706,55420358085.89395,3199.4210237893753
231,"[4252.135044692334, 224.69308320117398, 2686.7735938494607, 2166.536858643468]",51460559.53656744,52.07509756415033,27174707.708814204,62.60871233937877,186227.00411264464,42.33429458398421,51169799339.270195,2166.53685864345
232,"[6334.782198261472, 2578.876854332023, 1393.5607407282414, 3339.7209471971964]",81313443.09003061,72.37682642756315,27297449.987839356,106.53316674609981,326499.7752334736,74.15214081470585,44544965334.76871,3339.7209471972883
233,"[9844.02180703552, 5256.901823026858, 1716.792858483035, 1089.2293060774757]",240007767.9629208,191.62299619541784,27829259.58985562,296.9259594658154,966854.4679617261,219.49263417562403,43659730105.67449,1089.229306077461
234,"[183.90676547466734, 9142.98806560499, 1177.5108289014113, 2306.0659020570142]",2327077965.9788775,226.98993708494677,28409304.527267285,504.74985672252865,1792250.5965912652,407.0214913984536,38820351667.35427,2306.06590205709
235,"[2740.55220687206, 5541.780025157934, 6514.203883518642, 3318.9672148288064]",2623060059.9825883,2049.409194276073,34478430.972066276,2677.322767648338,11368348.549424049,2580.1401555337297,35127816831.041885,2978.973980690605
236,"[2064.212717606032, 109.95828658480478, 1368.8563006880727, 3600.0745673924202]",1843389408.893361,1997.726034373218,1300894754.2946267,2052.963789427144,174061494.47375232,1937.9837272366183,42991212093.93645,3166.0841358188245
237,"[8738.900775625152, 5974.131021703083, 6005.1686043365335, 2660.1466981850217]",990298403.2248683,1245.8065524917938,31527065.004819382,2095.5365104284965,9124001.237283388,2135.1769573064903,48560311184.16087,2660.146698184972
238,"[1753.712786234496, 9144.119459249598, 4187.705248920731, 1532.55411299799]",419017322.6219345,593.0278304882595,29066685.07442134,741.4609488907072,2870581.753736881,654.8169065226588,54626254653.88576,1532.5541129980113
239,"[5189.177052828375, 469.65966775055045, 1662.833687560794, 2952.134465705482]",207374179.83530453,270.722470635181,27875473.06145232,314.1345570116127,1195863.9758087383,272.4122784645982,50269457637.64238,2952.134465705445
